-- phpMyAdmin SQL Dump
-- version 5.1.3
-- https://www.phpmyadmin.net/
--
-- Host: 127.0.0.1
-- Generation Time: Apr 29, 2022 at 09:20 PM
-- Server version: 10.4.22-MariaDB
-- PHP Version: 7.4.28

SET SQL_MODE = "NO_AUTO_VALUE_ON_ZERO";
START TRANSACTION;
SET time_zone = "+00:00";


/*!40101 SET @OLD_CHARACTER_SET_CLIENT=@@CHARACTER_SET_CLIENT */;
/*!40101 SET @OLD_CHARACTER_SET_RESULTS=@@CHARACTER_SET_RESULTS */;
/*!40101 SET @OLD_COLLATION_CONNECTION=@@COLLATION_CONNECTION */;
/*!40101 SET NAMES utf8mb4 */;

--
-- Database: `once_again`
--

-- --------------------------------------------------------

--
-- Table structure for table `banners`
--

CREATE TABLE `banners` (
  `id` bigint(20) UNSIGNED NOT NULL,
  `title` varchar(191) COLLATE utf8mb4_unicode_ci NOT NULL,
  `slug` varchar(191) COLLATE utf8mb4_unicode_ci NOT NULL,
  `photo` varchar(191) COLLATE utf8mb4_unicode_ci DEFAULT NULL,
  `description` text COLLATE utf8mb4_unicode_ci DEFAULT NULL,
  `status` enum('active','inactive') COLLATE utf8mb4_unicode_ci NOT NULL DEFAULT 'inactive',
  `created_at` timestamp NULL DEFAULT NULL,
  `updated_at` timestamp NULL DEFAULT NULL
) ENGINE=InnoDB DEFAULT CHARSET=utf8mb4 COLLATE=utf8mb4_unicode_ci;

--
-- Dumping data for table `banners`
--

INSERT INTO `banners` (`id`, `title`, `slug`, `photo`, `description`, `status`, `created_at`, `updated_at`) VALUES
(1, 'Sale!', 'lorem-ipsum-is', '/storage/photos/1/Banner/banner-01.jpg', '<h2><br></h2>', 'active', '2020-08-14 01:47:38', '2022-04-15 11:26:13'),
(2, 'Road towards sustainablity', 'lorem-ipsum', '/storage/photos/1/Banner/banner-07.jpg', '<p>Up to 90%</p>', 'active', '2020-08-14 01:50:23', '2022-04-15 01:40:13'),
(4, 'FLASH SALE', 'banner', '/storage/photos/1/Banner/banner-06.jpg', '<h2><span style=\"font-size: 2rem; font-weight: bold;\">Up to 40%</span></h2><h2><span style=\"font-size: 2rem; font-weight: bold;\">Code: EidMubarak<br></span><br></h2><h2><span style=\"color: rgb(156, 0, 255);\"></span></h2>', 'active', '2020-08-17 20:46:59', '2022-04-15 11:26:01');

-- --------------------------------------------------------

--
-- Table structure for table `brands`
--

CREATE TABLE `brands` (
  `id` bigint(20) UNSIGNED NOT NULL,
  `title` varchar(191) COLLATE utf8mb4_unicode_ci NOT NULL,
  `slug` varchar(191) COLLATE utf8mb4_unicode_ci NOT NULL,
  `status` enum('active','inactive') COLLATE utf8mb4_unicode_ci NOT NULL DEFAULT 'active',
  `created_at` timestamp NULL DEFAULT NULL,
  `updated_at` timestamp NULL DEFAULT NULL
) ENGINE=InnoDB DEFAULT CHARSET=utf8mb4 COLLATE=utf8mb4_unicode_ci;

-- --------------------------------------------------------

--
-- Table structure for table `carts`
--

CREATE TABLE `carts` (
  `id` bigint(20) UNSIGNED NOT NULL,
  `product_id` bigint(20) UNSIGNED NOT NULL,
  `order_id` bigint(20) UNSIGNED DEFAULT NULL,
  `user_id` bigint(20) UNSIGNED DEFAULT NULL,
  `price` double(8,2) NOT NULL,
  `status` enum('new','progress','delivered','cancel') COLLATE utf8mb4_unicode_ci NOT NULL DEFAULT 'new',
  `quantity` int(11) NOT NULL,
  `amount` double(8,2) NOT NULL,
  `created_at` timestamp NULL DEFAULT NULL,
  `updated_at` timestamp NULL DEFAULT NULL
) ENGINE=InnoDB DEFAULT CHARSET=utf8mb4 COLLATE=utf8mb4_unicode_ci;

--
-- Dumping data for table `carts`
--

INSERT INTO `carts` (`id`, `product_id`, `order_id`, `user_id`, `price`, `status`, `quantity`, `amount`, `created_at`, `updated_at`) VALUES
(12, 8, 6, 1, 200.00, 'new', 1, 200.00, '2022-04-14 09:29:08', '2022-04-28 13:45:39'),
(13, 6, 7, 1, 5820.00, 'new', 3, 18000.00, '2022-04-29 12:19:09', '2022-04-29 12:21:29');

-- --------------------------------------------------------

--
-- Table structure for table `categories`
--

CREATE TABLE `categories` (
  `id` bigint(20) UNSIGNED NOT NULL,
  `title` varchar(191) COLLATE utf8mb4_unicode_ci NOT NULL,
  `slug` varchar(191) COLLATE utf8mb4_unicode_ci NOT NULL,
  `summary` text COLLATE utf8mb4_unicode_ci DEFAULT NULL,
  `photo` varchar(191) COLLATE utf8mb4_unicode_ci DEFAULT NULL,
  `is_parent` tinyint(1) NOT NULL DEFAULT 1,
  `parent_id` bigint(20) UNSIGNED DEFAULT NULL,
  `added_by` bigint(20) UNSIGNED DEFAULT NULL,
  `status` enum('active','inactive') COLLATE utf8mb4_unicode_ci NOT NULL DEFAULT 'inactive',
  `created_at` timestamp NULL DEFAULT NULL,
  `updated_at` timestamp NULL DEFAULT NULL
) ENGINE=InnoDB DEFAULT CHARSET=utf8mb4 COLLATE=utf8mb4_unicode_ci;

--
-- Dumping data for table `categories`
--

INSERT INTO `categories` (`id`, `title`, `slug`, `summary`, `photo`, `is_parent`, `parent_id`, `added_by`, `status`, `created_at`, `updated_at`) VALUES
(1, 'Men\'s Fashion', 'mens-fashion', NULL, '/storage/photos/1/Category/mini-banner1.jpg', 1, NULL, NULL, 'active', '2020-08-14 04:26:15', '2020-08-14 04:26:15'),
(2, 'Women\'s Fashion', 'womens-fashion', NULL, '/storage/photos/1/Category/mini-banner2.jpg', 1, NULL, NULL, 'active', '2020-08-14 04:26:40', '2020-08-14 04:26:40'),
(3, 'Kid\'s', 'kids', NULL, '/storage/photos/1/Category/mini-banner3.jpg', 1, NULL, NULL, 'active', '2020-08-14 04:27:10', '2020-08-14 04:27:42');

-- --------------------------------------------------------

--
-- Table structure for table `coupons`
--

CREATE TABLE `coupons` (
  `id` bigint(20) UNSIGNED NOT NULL,
  `code` varchar(191) COLLATE utf8mb4_unicode_ci NOT NULL,
  `type` enum('fixed','percent') COLLATE utf8mb4_unicode_ci NOT NULL DEFAULT 'fixed',
  `value` decimal(20,2) NOT NULL,
  `status` enum('active','inactive') COLLATE utf8mb4_unicode_ci NOT NULL DEFAULT 'inactive',
  `created_at` timestamp NULL DEFAULT NULL,
  `updated_at` timestamp NULL DEFAULT NULL
) ENGINE=InnoDB DEFAULT CHARSET=utf8mb4 COLLATE=utf8mb4_unicode_ci;

--
-- Dumping data for table `coupons`
--

INSERT INTO `coupons` (`id`, `code`, `type`, `value`, `status`, `created_at`, `updated_at`) VALUES
(1, 'EidMubarak', 'percent', '50.00', 'active', NULL, NULL);

-- --------------------------------------------------------

--
-- Table structure for table `failed_jobs`
--

CREATE TABLE `failed_jobs` (
  `id` bigint(20) UNSIGNED NOT NULL,
  `connection` text COLLATE utf8mb4_unicode_ci NOT NULL,
  `queue` text COLLATE utf8mb4_unicode_ci NOT NULL,
  `payload` longtext COLLATE utf8mb4_unicode_ci NOT NULL,
  `exception` longtext COLLATE utf8mb4_unicode_ci NOT NULL,
  `failed_at` timestamp NOT NULL DEFAULT current_timestamp()
) ENGINE=InnoDB DEFAULT CHARSET=utf8mb4 COLLATE=utf8mb4_unicode_ci;

-- --------------------------------------------------------

--
-- Table structure for table `messages`
--

CREATE TABLE `messages` (
  `id` bigint(20) UNSIGNED NOT NULL,
  `name` varchar(191) COLLATE utf8mb4_unicode_ci NOT NULL,
  `subject` text COLLATE utf8mb4_unicode_ci NOT NULL,
  `email` varchar(191) COLLATE utf8mb4_unicode_ci NOT NULL,
  `photo` varchar(191) COLLATE utf8mb4_unicode_ci DEFAULT NULL,
  `phone` varchar(191) COLLATE utf8mb4_unicode_ci DEFAULT NULL,
  `message` longtext COLLATE utf8mb4_unicode_ci NOT NULL,
  `read_at` timestamp NULL DEFAULT NULL,
  `created_at` timestamp NULL DEFAULT NULL,
  `updated_at` timestamp NULL DEFAULT NULL
) ENGINE=InnoDB DEFAULT CHARSET=utf8mb4 COLLATE=utf8mb4_unicode_ci;

-- --------------------------------------------------------

--
-- Table structure for table `migrations`
--

CREATE TABLE `migrations` (
  `id` int(10) UNSIGNED NOT NULL,
  `migration` varchar(191) COLLATE utf8mb4_unicode_ci NOT NULL,
  `batch` int(11) NOT NULL
) ENGINE=InnoDB DEFAULT CHARSET=utf8mb4 COLLATE=utf8mb4_unicode_ci;

--
-- Dumping data for table `migrations`
--

INSERT INTO `migrations` (`id`, `migration`, `batch`) VALUES
(1, '2014_10_12_000000_create_users_table', 1),
(2, '2014_10_12_100000_create_password_resets_table', 1),
(3, '2019_08_19_000000_create_failed_jobs_table', 1),
(4, '2020_07_10_021010_create_brands_table', 1),
(5, '2020_07_10_025334_create_banners_table', 1),
(6, '2020_07_10_112147_create_categories_table', 1),
(7, '2020_07_11_063857_create_products_table', 1),
(8, '2020_07_12_073132_create_post_categories_table', 1),
(9, '2020_07_12_073701_create_post_tags_table', 1),
(10, '2020_07_12_083638_create_posts_table', 1),
(11, '2020_07_13_151329_create_messages_table', 1),
(12, '2020_07_14_023748_create_shippings_table', 1),
(13, '2020_07_15_054356_create_orders_table', 1),
(14, '2020_07_15_102626_create_carts_table', 1),
(15, '2020_07_16_041623_create_notifications_table', 1),
(16, '2020_07_16_053240_create_coupons_table', 1),
(17, '2020_07_23_143757_create_wishlists_table', 1),
(18, '2020_07_24_074930_create_product_reviews_table', 1),
(19, '2020_07_24_131727_create_post_comments_table', 1),
(20, '2020_08_01_143408_create_settings_table', 1);

-- --------------------------------------------------------

--
-- Table structure for table `notifications`
--

CREATE TABLE `notifications` (
  `id` char(36) COLLATE utf8mb4_unicode_ci NOT NULL,
  `type` varchar(191) COLLATE utf8mb4_unicode_ci NOT NULL,
  `notifiable_type` varchar(191) COLLATE utf8mb4_unicode_ci NOT NULL,
  `notifiable_id` bigint(20) UNSIGNED NOT NULL,
  `data` text COLLATE utf8mb4_unicode_ci NOT NULL,
  `read_at` timestamp NULL DEFAULT NULL,
  `created_at` timestamp NULL DEFAULT NULL,
  `updated_at` timestamp NULL DEFAULT NULL
) ENGINE=InnoDB DEFAULT CHARSET=utf8mb4 COLLATE=utf8mb4_unicode_ci;

--
-- Dumping data for table `notifications`
--

INSERT INTO `notifications` (`id`, `type`, `notifiable_type`, `notifiable_id`, `data`, `read_at`, `created_at`, `updated_at`) VALUES
('2145a8e3-687d-444a-8873-b3b2fb77a342', 'App\\Notifications\\StatusNotification', 'App\\User', 1, '{\"title\":\"New Comment created\",\"actionURL\":\"http:\\/\\/e-shop.loc\\/blog-detail\\/where-can-i-get-some\",\"fas\":\"fas fa-comment\"}', NULL, '2020-08-15 07:31:21', '2020-08-15 07:31:21'),
('3af39f84-cab4-4152-9202-d448435c67de', 'App\\Notifications\\StatusNotification', 'App\\User', 1, '{\"title\":\"New order created\",\"actionURL\":\"http:\\/\\/localhost:8000\\/admin\\/order\\/4\",\"fas\":\"fa-file-alt\"}', NULL, '2020-08-15 07:54:52', '2020-08-15 07:54:52'),
('40440ad3-d9d8-4117-b58d-ebccd7ccc62e', 'App\\Notifications\\StatusNotification', 'App\\User', 1, '{\"title\":\"New order created\",\"actionURL\":\"http:\\/\\/127.0.0.1:8000\\/admin\\/order\\/7\",\"fas\":\"fa-file-alt\"}', NULL, '2022-04-29 12:21:29', '2022-04-29 12:21:29'),
('4a0afdb0-71ad-4ce6-bc70-c92ef491a525', 'App\\Notifications\\StatusNotification', 'App\\User', 1, '{\"title\":\"New Comment created\",\"actionURL\":\"http:\\/\\/localhost:8000\\/blog-detail\\/the-standard-lorem-ipsum-passage-used-since-the-1500s\",\"fas\":\"fas fa-comment\"}', NULL, '2020-08-17 21:13:51', '2020-08-17 21:13:51'),
('540ca3e9-0ff9-4e2e-9db3-6b5abc823422', 'App\\Notifications\\StatusNotification', 'App\\User', 1, '{\"title\":\"New Comment created\",\"actionURL\":\"http:\\/\\/e-shop.loc\\/blog-detail\\/where-can-i-get-some\",\"fas\":\"fas fa-comment\"}', '2020-08-15 07:30:44', '2020-08-14 07:12:28', '2020-08-15 07:30:44'),
('5da09dd1-3ffc-43b0-aba2-a4260ba4cc76', 'App\\Notifications\\StatusNotification', 'App\\User', 1, '{\"title\":\"New Comment created\",\"actionURL\":\"http:\\/\\/localhost:8000\\/blog-detail\\/the-standard-lorem-ipsum-passage\",\"fas\":\"fas fa-comment\"}', NULL, '2020-08-15 07:51:02', '2020-08-15 07:51:02'),
('5e91e603-024e-45c5-b22f-36931fef0d90', 'App\\Notifications\\StatusNotification', 'App\\User', 1, '{\"title\":\"New Product Rating!\",\"actionURL\":\"http:\\/\\/localhost:8000\\/product-detail\\/white-sports-casual-t\",\"fas\":\"fa-star\"}', NULL, '2020-08-15 07:44:07', '2020-08-15 07:44:07'),
('73a3b51a-416a-4e7d-8ca2-53b216d9ad8e', 'App\\Notifications\\StatusNotification', 'App\\User', 1, '{\"title\":\"New Comment created\",\"actionURL\":\"http:\\/\\/e-shop.loc\\/blog-detail\\/where-can-i-get-some\",\"fas\":\"fas fa-comment\"}', NULL, '2020-08-14 07:11:03', '2020-08-14 07:11:03'),
('8605db5d-1462-496e-8b5f-8b923d88912c', 'App\\Notifications\\StatusNotification', 'App\\User', 1, '{\"title\":\"New order created\",\"actionURL\":\"http:\\/\\/e-shop.loc\\/admin\\/order\\/1\",\"fas\":\"fa-file-alt\"}', NULL, '2020-08-14 07:20:44', '2020-08-14 07:20:44'),
('a6ec5643-748c-4128-92e2-9a9f293f53b5', 'App\\Notifications\\StatusNotification', 'App\\User', 1, '{\"title\":\"New order created\",\"actionURL\":\"http:\\/\\/localhost:8000\\/admin\\/order\\/5\",\"fas\":\"fa-file-alt\"}', NULL, '2020-08-17 21:17:03', '2020-08-17 21:17:03'),
('b186a883-42f2-4a05-8fc5-f0d3e10309ff', 'App\\Notifications\\StatusNotification', 'App\\User', 1, '{\"title\":\"New order created\",\"actionURL\":\"http:\\/\\/e-shop.loc\\/admin\\/order\\/2\",\"fas\":\"fa-file-alt\"}', '2020-08-15 04:17:24', '2020-08-14 22:14:55', '2020-08-15 04:17:24'),
('d2fd7c33-b0fe-47d6-8bc6-f377d404080d', 'App\\Notifications\\StatusNotification', 'App\\User', 1, '{\"title\":\"New Comment created\",\"actionURL\":\"http:\\/\\/e-shop.loc\\/blog-detail\\/where-can-i-get-some\",\"fas\":\"fas fa-comment\"}', NULL, '2020-08-14 07:08:50', '2020-08-14 07:08:50'),
('dff78b90-85c8-42ee-a5b1-de8ad0b21be4', 'App\\Notifications\\StatusNotification', 'App\\User', 1, '{\"title\":\"New order created\",\"actionURL\":\"http:\\/\\/e-shop.loc\\/admin\\/order\\/3\",\"fas\":\"fa-file-alt\"}', NULL, '2020-08-15 06:40:54', '2020-08-15 06:40:54'),
('e28b0a73-4819-4016-b915-0e525d4148f5', 'App\\Notifications\\StatusNotification', 'App\\User', 1, '{\"title\":\"New Product Rating!\",\"actionURL\":\"http:\\/\\/localhost:8000\\/product-detail\\/lorem-ipsum-is-simply\",\"fas\":\"fa-star\"}', NULL, '2020-08-17 21:08:16', '2020-08-17 21:08:16'),
('f3970e6f-0272-4cb1-94d0-e992f43b8c00', 'App\\Notifications\\StatusNotification', 'App\\User', 1, '{\"title\":\"New order created\",\"actionURL\":\"http:\\/\\/127.0.0.1:8000\\/admin\\/order\\/6\",\"fas\":\"fa-file-alt\"}', NULL, '2022-04-28 13:45:39', '2022-04-28 13:45:39'),
('fc2214fd-8646-4ada-9295-9565a9859aff', 'App\\Notifications\\StatusNotification', 'App\\User', 1, '{\"title\":\"New Product Rating!\",\"actionURL\":\"http:\\/\\/127.0.0.1:8000\\/product-detail\\/ladies-cotton-kurti-sha\",\"fas\":\"fa-star\"}', NULL, '2022-04-29 12:18:58', '2022-04-29 12:18:58'),
('ffffa177-c54e-4dfe-ba43-27c466ff1f4b', 'App\\Notifications\\StatusNotification', 'App\\User', 1, '{\"title\":\"New Comment created\",\"actionURL\":\"http:\\/\\/localhost:8000\\/blog-detail\\/the-standard-lorem-ipsum-passage-used-since-the-1500s\",\"fas\":\"fas fa-comment\"}', NULL, '2020-08-17 21:13:29', '2020-08-17 21:13:29');

-- --------------------------------------------------------

--
-- Table structure for table `orders`
--

CREATE TABLE `orders` (
  `id` bigint(20) UNSIGNED NOT NULL,
  `order_number` varchar(191) COLLATE utf8mb4_unicode_ci NOT NULL,
  `user_id` bigint(20) UNSIGNED DEFAULT NULL,
  `sub_total` double(8,2) NOT NULL,
  `shipping_id` bigint(20) UNSIGNED DEFAULT NULL,
  `coupon` double(8,2) DEFAULT NULL,
  `total_amount` double(8,2) NOT NULL,
  `quantity` int(11) NOT NULL,
  `payment_method` enum('cod','paypal') COLLATE utf8mb4_unicode_ci NOT NULL DEFAULT 'cod',
  `payment_status` enum('paid','unpaid') COLLATE utf8mb4_unicode_ci NOT NULL DEFAULT 'unpaid',
  `status` enum('new','process','delivered','cancel') COLLATE utf8mb4_unicode_ci NOT NULL DEFAULT 'new',
  `first_name` varchar(191) COLLATE utf8mb4_unicode_ci NOT NULL,
  `last_name` varchar(191) COLLATE utf8mb4_unicode_ci NOT NULL,
  `email` varchar(191) COLLATE utf8mb4_unicode_ci NOT NULL,
  `phone` varchar(191) COLLATE utf8mb4_unicode_ci NOT NULL,
  `country` varchar(191) COLLATE utf8mb4_unicode_ci NOT NULL,
  `post_code` varchar(191) COLLATE utf8mb4_unicode_ci DEFAULT NULL,
  `address1` text COLLATE utf8mb4_unicode_ci NOT NULL,
  `address2` text COLLATE utf8mb4_unicode_ci DEFAULT NULL,
  `created_at` timestamp NULL DEFAULT NULL,
  `updated_at` timestamp NULL DEFAULT NULL
) ENGINE=InnoDB DEFAULT CHARSET=utf8mb4 COLLATE=utf8mb4_unicode_ci;

--
-- Dumping data for table `orders`
--

INSERT INTO `orders` (`id`, `order_number`, `user_id`, `sub_total`, `shipping_id`, `coupon`, `total_amount`, `quantity`, `payment_method`, `payment_status`, `status`, `first_name`, `last_name`, `email`, `phone`, `country`, `post_code`, `address1`, `address2`, `created_at`, `updated_at`) VALUES
(6, 'ORD-UUQDEABSZK', 1, 200.00, NULL, NULL, 200.00, 1, 'cod', 'unpaid', 'new', 'labiba', 'shayetreen', 'admin@gmail.com', '013789479348', 'AF', '1206', 'Baily Road', 'Ramna Thana', '2022-04-28 13:45:39', '2022-04-28 13:45:39'),
(7, 'ORD-IP7FSSWCWA', 1, 18000.00, 2, 2910.00, 15390.00, 3, 'cod', 'unpaid', 'delivered', 'chh', 'chgcgh', 'jhvjhv@gmail.com', '7898979', 'AF', '1206', 'cghcgh', 'chch', '2022-04-29 12:21:29', '2022-04-29 12:22:07');

-- --------------------------------------------------------

--
-- Table structure for table `password_resets`
--

CREATE TABLE `password_resets` (
  `email` varchar(191) COLLATE utf8mb4_unicode_ci NOT NULL,
  `token` varchar(191) COLLATE utf8mb4_unicode_ci NOT NULL,
  `created_at` timestamp NULL DEFAULT NULL
) ENGINE=InnoDB DEFAULT CHARSET=utf8mb4 COLLATE=utf8mb4_unicode_ci;

-- --------------------------------------------------------

--
-- Table structure for table `posts`
--

CREATE TABLE `posts` (
  `id` bigint(20) UNSIGNED NOT NULL,
  `title` varchar(191) COLLATE utf8mb4_unicode_ci NOT NULL,
  `slug` varchar(191) COLLATE utf8mb4_unicode_ci NOT NULL,
  `summary` text COLLATE utf8mb4_unicode_ci NOT NULL,
  `description` longtext COLLATE utf8mb4_unicode_ci DEFAULT NULL,
  `quote` text COLLATE utf8mb4_unicode_ci DEFAULT NULL,
  `photo` varchar(191) COLLATE utf8mb4_unicode_ci DEFAULT NULL,
  `tags` varchar(191) COLLATE utf8mb4_unicode_ci DEFAULT NULL,
  `post_cat_id` bigint(20) UNSIGNED DEFAULT NULL,
  `post_tag_id` bigint(20) UNSIGNED DEFAULT NULL,
  `added_by` bigint(20) UNSIGNED DEFAULT NULL,
  `status` enum('active','inactive') COLLATE utf8mb4_unicode_ci NOT NULL DEFAULT 'active',
  `created_at` timestamp NULL DEFAULT NULL,
  `updated_at` timestamp NULL DEFAULT NULL
) ENGINE=InnoDB DEFAULT CHARSET=utf8mb4 COLLATE=utf8mb4_unicode_ci;

--
-- Dumping data for table `posts`
--

INSERT INTO `posts` (`id`, `title`, `slug`, `summary`, `description`, `quote`, `photo`, `tags`, `post_cat_id`, `post_tag_id`, `added_by`, `status`, `created_at`, `updated_at`) VALUES
(2, 'How to choose the correct size?', 'how-to-choose', 'Having trouble choosing the right size? This blog is for you. Get all the details about how to choose the correct size so you do not have to go to the hassle of returning.', '', NULL, '/storage/photos/1/Blog/blog2.jpg', 'Enjoy', NULL, NULL, 1, 'active', '2022-04-14 01:58:52', '2022-04-14 07:08:14'),
(3, 'A in person thrift store in front of Brac University Mohakhali.', 'brac-university-thrift-store', 'When you buy thrifted, you\'re preventing that massive waste of energy and resources on the production of new clothes. Thrifting is an easy way to make a difference in your own carbon footprint and take the small steps to lower the world\'s.', '', NULL, '/storage/photos/1/Blog/blog3.jpg', '', NULL, 1, 1, 'active', '2021-08-14 02:59:33', '2021-08-14 04:29:44');

-- --------------------------------------------------------

--
-- Table structure for table `post_categories`
--

CREATE TABLE `post_categories` (
  `id` bigint(20) UNSIGNED NOT NULL,
  `title` varchar(191) COLLATE utf8mb4_unicode_ci NOT NULL,
  `slug` varchar(191) COLLATE utf8mb4_unicode_ci NOT NULL,
  `status` enum('active','inactive') COLLATE utf8mb4_unicode_ci NOT NULL DEFAULT 'active',
  `created_at` timestamp NULL DEFAULT NULL,
  `updated_at` timestamp NULL DEFAULT NULL
) ENGINE=InnoDB DEFAULT CHARSET=utf8mb4 COLLATE=utf8mb4_unicode_ci;

-- --------------------------------------------------------

--
-- Table structure for table `post_comments`
--

CREATE TABLE `post_comments` (
  `id` bigint(20) UNSIGNED NOT NULL,
  `user_id` bigint(20) UNSIGNED DEFAULT NULL,
  `post_id` bigint(20) UNSIGNED DEFAULT NULL,
  `comment` text COLLATE utf8mb4_unicode_ci NOT NULL,
  `status` enum('active','inactive') COLLATE utf8mb4_unicode_ci NOT NULL DEFAULT 'active',
  `replied_comment` text COLLATE utf8mb4_unicode_ci DEFAULT NULL,
  `parent_id` bigint(20) UNSIGNED DEFAULT NULL,
  `created_at` timestamp NULL DEFAULT NULL,
  `updated_at` timestamp NULL DEFAULT NULL
) ENGINE=InnoDB DEFAULT CHARSET=utf8mb4 COLLATE=utf8mb4_unicode_ci;

--
-- Dumping data for table `post_comments`
--

INSERT INTO `post_comments` (`id`, `user_id`, `post_id`, `comment`, `status`, `replied_comment`, `parent_id`, `created_at`, `updated_at`) VALUES
(1, 1, 2, 'Testing comment edited', 'active', NULL, NULL, '2020-08-14 07:08:42', '2020-08-15 06:59:58'),
(2, NULL, 2, 'testing 2', 'active', NULL, 1, '2020-08-14 07:11:03', '2020-08-14 07:11:03'),
(3, NULL, 2, 'That\'s cool', 'active', NULL, 2, '2020-08-14 07:12:27', '2020-08-14 07:12:27'),
(4, 1, 2, 'nice', 'active', NULL, NULL, '2020-08-15 07:31:19', '2020-08-15 07:31:19'),
(5, NULL, NULL, 'nice blog', 'active', NULL, NULL, '2020-08-15 07:51:01', '2020-08-15 07:51:01'),
(6, NULL, 3, 'nice', 'active', NULL, NULL, '2020-08-17 21:13:29', '2020-08-17 21:13:29'),
(7, NULL, 3, 'really', 'active', NULL, 6, '2020-08-17 21:13:51', '2020-08-17 21:13:51');

-- --------------------------------------------------------

--
-- Table structure for table `post_tags`
--

CREATE TABLE `post_tags` (
  `id` bigint(20) UNSIGNED NOT NULL,
  `title` varchar(191) COLLATE utf8mb4_unicode_ci NOT NULL,
  `slug` varchar(191) COLLATE utf8mb4_unicode_ci NOT NULL,
  `status` enum('active','inactive') COLLATE utf8mb4_unicode_ci NOT NULL DEFAULT 'active',
  `created_at` timestamp NULL DEFAULT NULL,
  `updated_at` timestamp NULL DEFAULT NULL
) ENGINE=InnoDB DEFAULT CHARSET=utf8mb4 COLLATE=utf8mb4_unicode_ci;

--
-- Dumping data for table `post_tags`
--

INSERT INTO `post_tags` (`id`, `title`, `slug`, `status`, `created_at`, `updated_at`) VALUES
(1, 'Enjoy', 'enjoy', 'active', '2020-08-14 01:53:52', '2020-08-14 01:53:52');

-- --------------------------------------------------------

--
-- Table structure for table `products`
--

CREATE TABLE `products` (
  `id` bigint(20) UNSIGNED NOT NULL,
  `title` varchar(191) COLLATE utf8mb4_unicode_ci NOT NULL,
  `slug` varchar(191) COLLATE utf8mb4_unicode_ci NOT NULL,
  `summary` text COLLATE utf8mb4_unicode_ci NOT NULL,
  `description` longtext COLLATE utf8mb4_unicode_ci DEFAULT NULL,
  `photo` text COLLATE utf8mb4_unicode_ci NOT NULL,
  `stock` int(11) NOT NULL DEFAULT 1,
  `size` varchar(191) COLLATE utf8mb4_unicode_ci DEFAULT 'M',
  `condition` enum('default','new','hot') COLLATE utf8mb4_unicode_ci NOT NULL DEFAULT 'default',
  `status` enum('active','inactive') COLLATE utf8mb4_unicode_ci NOT NULL DEFAULT 'inactive',
  `price` double(8,2) NOT NULL,
  `discount` double(8,2) NOT NULL,
  `is_featured` tinyint(1) NOT NULL,
  `cat_id` bigint(20) UNSIGNED DEFAULT NULL,
  `child_cat_id` bigint(20) UNSIGNED DEFAULT NULL,
  `brand_id` bigint(20) UNSIGNED DEFAULT NULL,
  `created_at` timestamp NULL DEFAULT NULL,
  `updated_at` timestamp NULL DEFAULT NULL
) ENGINE=InnoDB DEFAULT CHARSET=utf8mb4 COLLATE=utf8mb4_unicode_ci;

--
-- Dumping data for table `products`
--

INSERT INTO `products` (`id`, `title`, `slug`, `summary`, `description`, `photo`, `stock`, `size`, `condition`, `status`, `price`, `discount`, `is_featured`, `cat_id`, `child_cat_id`, `brand_id`, `created_at`, `updated_at`) VALUES
(1, 'Premium Embroidered Cotton Top', 'top', 'Hand detailed second-hand gently used embroidered cotton top.', 'N/A', '/storage/photos/1/Products/04.jpg', 5, 'S,M,XL', 'new', 'active', 25.00, 5.00, 1, 2, NULL, NULL, '2020-08-14 04:38:26', '2020-08-14 04:42:46'),
(2, 'Thrifted Buffalo Jeans by David Bitton.', 'thrifted-buffalo-jeans', 'thrifted Bill Cosby-inspired sweater with leather and suede detail is free!!!', NULL, '\\storage\\photos\\1\\Products\\10.jpg', 1, 'M', 'default', 'active', 78.00, 5.00, 0, 1, 1, NULL, '2020-08-14 01:58:52', '2020-08-14 04:23:00'),
(3, 'Pink Round Patterned Sweater', 'pink', 'Trendy Pink Round Patterned Sweater. Color Available-Pink,Green,Blue,Brown', '', '/storage/photos/1/Products/01.jpg', 6, 'S,M', 'hot', 'active', 30.00, 5.00, 0, 2, NULL, NULL, '2020-08-14 05:57:48', '2020-08-14 05:57:48'),
(4, 'Melange Ethnic Kurthi', 'melange-ethnic-kurthi', 'Comfortable Eid Kurti', '', '/storage/photos/1/Products/03.jpg,/storage/photos/1/Products/03.jpg,', 5, 'XL', 'default', 'active', 77.00, 20.00, 0, 2, NULL, NULL, '2020-08-14 06:04:13', '2020-08-14 06:04:13'),
(5, 'Blue Flowered Embroidered Sweater', 'blue', '', '', '/storage/photos/1/Products/05.jpg,', 0, 'M,XL', 'new', 'active', 33.00, 10.00, 0, 2, NULL, NULL, '2020-08-14 06:10:52', '2020-08-14 09:37:36'),
(6, 'Ladies Cotton Kurti Sha', 'ladies-cotton-kurti-sha', '', '', '/storage/photos/1/Products/07.jpg', 3, 'M,L', 'hot', 'active', 6000.00, 3.00, 1, 2, NULL, NULL, '2020-08-14 06:13:20', '2022-04-29 12:22:07'),
(7, 'Yellow Kids Lehenga', 'kids', '', '', '/storage/photos/1/Products/08.jpg', 0, 'L', 'hot', 'active', 1999.00, 3.00, 0, 3, NULL, NULL, '2020-08-14 06:23:33', '2020-08-14 22:15:19'),
(8, 'White Exclusive Silk Kamiz Set', 'white', '', '', '/storage/photos/1/Products/09.jpg', 1, 'S', 'new', 'active', 200.00, 0.00, 0, 2, 2, NULL, '2020-08-14 06:25:42', '2020-08-14 09:37:36'),
(11, 'Floral Men\'s T-shirt', 'floral-men\'s-t-shirt', '', NULL, '\\storage\\photos\\1\\Products\\06.jpg', 1, 'M', 'default', 'active', 46.00, 0.00, 0, 1, 1, NULL, NULL, NULL),
(12, ' Blue Ivy Sweater', 'blue-ivy-sweater', '', NULL, '\\storage\\photos\\1\\Products\\02.jpg', 1, 'M', 'default', 'active', 40.00, 5.00, 1, 3, 3, NULL, NULL, NULL);

-- --------------------------------------------------------

--
-- Table structure for table `product_reviews`
--

CREATE TABLE `product_reviews` (
  `id` bigint(20) UNSIGNED NOT NULL,
  `user_id` bigint(20) UNSIGNED DEFAULT NULL,
  `product_id` bigint(20) UNSIGNED DEFAULT NULL,
  `rate` tinyint(4) NOT NULL DEFAULT 0,
  `review` text COLLATE utf8mb4_unicode_ci DEFAULT NULL,
  `status` enum('active','inactive') COLLATE utf8mb4_unicode_ci NOT NULL DEFAULT 'active',
  `created_at` timestamp NULL DEFAULT NULL,
  `updated_at` timestamp NULL DEFAULT NULL
) ENGINE=InnoDB DEFAULT CHARSET=utf8mb4 COLLATE=utf8mb4_unicode_ci;

--
-- Dumping data for table `product_reviews`
--

INSERT INTO `product_reviews` (`id`, `user_id`, `product_id`, `rate`, `review`, `status`, `created_at`, `updated_at`) VALUES
(1, NULL, NULL, 5, 'nice product', 'active', '2020-08-15 07:44:05', '2020-08-15 07:44:05'),
(2, NULL, NULL, 5, 'nice', 'active', '2020-08-17 21:08:14', '2020-08-17 21:18:31'),
(3, 1, 6, 5, 'xcg', 'active', '2022-04-29 12:18:58', '2022-04-29 12:18:58');

-- --------------------------------------------------------

--
-- Table structure for table `settings`
--

CREATE TABLE `settings` (
  `id` bigint(20) UNSIGNED NOT NULL,
  `description` longtext COLLATE utf8mb4_unicode_ci NOT NULL,
  `short_des` text COLLATE utf8mb4_unicode_ci NOT NULL,
  `logo` varchar(191) COLLATE utf8mb4_unicode_ci NOT NULL,
  `photo` varchar(191) COLLATE utf8mb4_unicode_ci NOT NULL,
  `address` varchar(191) COLLATE utf8mb4_unicode_ci NOT NULL,
  `phone` varchar(191) COLLATE utf8mb4_unicode_ci NOT NULL,
  `email` varchar(191) COLLATE utf8mb4_unicode_ci NOT NULL,
  `created_at` timestamp NULL DEFAULT NULL,
  `updated_at` timestamp NULL DEFAULT NULL
) ENGINE=InnoDB DEFAULT CHARSET=utf8mb4 COLLATE=utf8mb4_unicode_ci;

--
-- Dumping data for table `settings`
--

INSERT INTO `settings` (`id`, `description`, `short_des`, `logo`, `photo`, `address`, `phone`, `email`, `created_at`, `updated_at`) VALUES
(1, '.', '', '/storage/photos/1/logo.png', '/storage/photos/1/blog3.jpg', 'Dhanmondi-5,Dhaka-1205', '01796255739', 'lshayetreen@gmail.com', NULL, '2020-08-14 01:49:09');

-- --------------------------------------------------------

--
-- Table structure for table `shippings`
--

CREATE TABLE `shippings` (
  `id` bigint(20) UNSIGNED NOT NULL,
  `type` varchar(191) COLLATE utf8mb4_unicode_ci NOT NULL,
  `price` decimal(8,2) NOT NULL,
  `status` enum('active','inactive') COLLATE utf8mb4_unicode_ci NOT NULL DEFAULT 'active',
  `created_at` timestamp NULL DEFAULT NULL,
  `updated_at` timestamp NULL DEFAULT NULL
) ENGINE=InnoDB DEFAULT CHARSET=utf8mb4 COLLATE=utf8mb4_unicode_ci;

--
-- Dumping data for table `shippings`
--

INSERT INTO `shippings` (`id`, `type`, `price`, `status`, `created_at`, `updated_at`) VALUES
(1, 'Mohakhali Brac University', '100.00', 'active', '2020-08-14 04:22:17', '2020-08-14 04:22:17'),
(2, 'Gulshan 2,Road-09.Shwapno Villa', '300.00', 'active', '2020-08-14 04:22:41', '2020-08-14 04:22:41');

-- --------------------------------------------------------

--
-- Table structure for table `users`
--

CREATE TABLE `users` (
  `id` bigint(20) UNSIGNED NOT NULL,
  `name` varchar(191) COLLATE utf8mb4_unicode_ci NOT NULL,
  `email` varchar(191) COLLATE utf8mb4_unicode_ci DEFAULT NULL,
  `email_verified_at` timestamp NULL DEFAULT NULL,
  `password` varchar(191) COLLATE utf8mb4_unicode_ci DEFAULT NULL,
  `photo` varchar(191) COLLATE utf8mb4_unicode_ci DEFAULT NULL,
  `role` enum('admin','user') COLLATE utf8mb4_unicode_ci NOT NULL DEFAULT 'user',
  `provider` varchar(191) COLLATE utf8mb4_unicode_ci DEFAULT NULL,
  `provider_id` varchar(191) COLLATE utf8mb4_unicode_ci DEFAULT NULL,
  `status` enum('active','inactive') COLLATE utf8mb4_unicode_ci NOT NULL DEFAULT 'active',
  `remember_token` varchar(100) COLLATE utf8mb4_unicode_ci DEFAULT NULL,
  `created_at` timestamp NULL DEFAULT NULL,
  `updated_at` timestamp NULL DEFAULT NULL
) ENGINE=InnoDB DEFAULT CHARSET=utf8mb4 COLLATE=utf8mb4_unicode_ci;

--
-- Dumping data for table `users`
--

INSERT INTO `users` (`id`, `name`, `email`, `email_verified_at`, `password`, `photo`, `role`, `provider`, `provider_id`, `status`, `remember_token`, `created_at`, `updated_at`) VALUES
(1, 'Labiba Shayetreen', 'admin@gmail.com', NULL, '$2y$10$GOGIJdzJydYJ5nAZ42iZNO3IL1fdvXoSPdUOH3Ajy5hRmi0xBmTzm', NULL, 'admin', NULL, NULL, 'active', 'empyXF3CZr2bBFd24JCzB3bcHtIo3kvl8lSIAGkQgi4P2J3CaowjiYUVr5V3', NULL, '2022-04-15 11:27:01');

-- --------------------------------------------------------

--
-- Table structure for table `wishlists`
--

CREATE TABLE `wishlists` (
  `id` bigint(20) UNSIGNED NOT NULL,
  `product_id` bigint(20) UNSIGNED NOT NULL,
  `cart_id` bigint(20) UNSIGNED DEFAULT NULL,
  `user_id` bigint(20) UNSIGNED DEFAULT NULL,
  `price` double(8,2) NOT NULL,
  `quantity` int(11) NOT NULL,
  `amount` double(8,2) NOT NULL,
  `created_at` timestamp NULL DEFAULT NULL,
  `updated_at` timestamp NULL DEFAULT NULL
) ENGINE=InnoDB DEFAULT CHARSET=utf8mb4 COLLATE=utf8mb4_unicode_ci;

--
-- Indexes for dumped tables
--

--
-- Indexes for table `banners`
--
ALTER TABLE `banners`
  ADD PRIMARY KEY (`id`),
  ADD UNIQUE KEY `banners_slug_unique` (`slug`);

--
-- Indexes for table `brands`
--
ALTER TABLE `brands`
  ADD PRIMARY KEY (`id`),
  ADD UNIQUE KEY `brands_slug_unique` (`slug`);

--
-- Indexes for table `carts`
--
ALTER TABLE `carts`
  ADD PRIMARY KEY (`id`),
  ADD KEY `carts_product_id_foreign` (`product_id`),
  ADD KEY `carts_user_id_foreign` (`user_id`),
  ADD KEY `carts_order_id_foreign` (`order_id`);

--
-- Indexes for table `categories`
--
ALTER TABLE `categories`
  ADD PRIMARY KEY (`id`),
  ADD UNIQUE KEY `categories_slug_unique` (`slug`),
  ADD KEY `categories_parent_id_foreign` (`parent_id`),
  ADD KEY `categories_added_by_foreign` (`added_by`);

--
-- Indexes for table `coupons`
--
ALTER TABLE `coupons`
  ADD PRIMARY KEY (`id`),
  ADD UNIQUE KEY `coupons_code_unique` (`code`);

--
-- Indexes for table `failed_jobs`
--
ALTER TABLE `failed_jobs`
  ADD PRIMARY KEY (`id`);

--
-- Indexes for table `messages`
--
ALTER TABLE `messages`
  ADD PRIMARY KEY (`id`);

--
-- Indexes for table `migrations`
--
ALTER TABLE `migrations`
  ADD PRIMARY KEY (`id`);

--
-- Indexes for table `notifications`
--
ALTER TABLE `notifications`
  ADD PRIMARY KEY (`id`),
  ADD KEY `notifications_notifiable_type_notifiable_id_index` (`notifiable_type`,`notifiable_id`);

--
-- Indexes for table `orders`
--
ALTER TABLE `orders`
  ADD PRIMARY KEY (`id`),
  ADD UNIQUE KEY `orders_order_number_unique` (`order_number`),
  ADD KEY `orders_user_id_foreign` (`user_id`),
  ADD KEY `orders_shipping_id_foreign` (`shipping_id`);

--
-- Indexes for table `password_resets`
--
ALTER TABLE `password_resets`
  ADD KEY `password_resets_email_index` (`email`);

--
-- Indexes for table `posts`
--
ALTER TABLE `posts`
  ADD PRIMARY KEY (`id`),
  ADD UNIQUE KEY `posts_slug_unique` (`slug`),
  ADD KEY `posts_post_cat_id_foreign` (`post_cat_id`),
  ADD KEY `posts_post_tag_id_foreign` (`post_tag_id`),
  ADD KEY `posts_added_by_foreign` (`added_by`);

--
-- Indexes for table `post_categories`
--
ALTER TABLE `post_categories`
  ADD PRIMARY KEY (`id`),
  ADD UNIQUE KEY `post_categories_slug_unique` (`slug`);

--
-- Indexes for table `post_comments`
--
ALTER TABLE `post_comments`
  ADD PRIMARY KEY (`id`),
  ADD KEY `post_comments_user_id_foreign` (`user_id`),
  ADD KEY `post_comments_post_id_foreign` (`post_id`);

--
-- Indexes for table `post_tags`
--
ALTER TABLE `post_tags`
  ADD PRIMARY KEY (`id`),
  ADD UNIQUE KEY `post_tags_slug_unique` (`slug`);

--
-- Indexes for table `products`
--
ALTER TABLE `products`
  ADD PRIMARY KEY (`id`),
  ADD UNIQUE KEY `products_slug_unique` (`slug`),
  ADD KEY `products_brand_id_foreign` (`brand_id`),
  ADD KEY `products_cat_id_foreign` (`cat_id`),
  ADD KEY `products_child_cat_id_foreign` (`child_cat_id`);

--
-- Indexes for table `product_reviews`
--
ALTER TABLE `product_reviews`
  ADD PRIMARY KEY (`id`),
  ADD KEY `product_reviews_user_id_foreign` (`user_id`),
  ADD KEY `product_reviews_product_id_foreign` (`product_id`);

--
-- Indexes for table `settings`
--
ALTER TABLE `settings`
  ADD PRIMARY KEY (`id`);

--
-- Indexes for table `shippings`
--
ALTER TABLE `shippings`
  ADD PRIMARY KEY (`id`);

--
-- Indexes for table `users`
--
ALTER TABLE `users`
  ADD PRIMARY KEY (`id`),
  ADD UNIQUE KEY `users_email_unique` (`email`);

--
-- Indexes for table `wishlists`
--
ALTER TABLE `wishlists`
  ADD PRIMARY KEY (`id`),
  ADD KEY `wishlists_product_id_foreign` (`product_id`),
  ADD KEY `wishlists_user_id_foreign` (`user_id`),
  ADD KEY `wishlists_cart_id_foreign` (`cart_id`);

--
-- AUTO_INCREMENT for dumped tables
--

--
-- AUTO_INCREMENT for table `banners`
--
ALTER TABLE `banners`
  MODIFY `id` bigint(20) UNSIGNED NOT NULL AUTO_INCREMENT, AUTO_INCREMENT=5;

--
-- AUTO_INCREMENT for table `brands`
--
ALTER TABLE `brands`
  MODIFY `id` bigint(20) UNSIGNED NOT NULL AUTO_INCREMENT, AUTO_INCREMENT=7;

--
-- AUTO_INCREMENT for table `carts`
--
ALTER TABLE `carts`
  MODIFY `id` bigint(20) UNSIGNED NOT NULL AUTO_INCREMENT, AUTO_INCREMENT=14;

--
-- AUTO_INCREMENT for table `categories`
--
ALTER TABLE `categories`
  MODIFY `id` bigint(20) UNSIGNED NOT NULL AUTO_INCREMENT, AUTO_INCREMENT=12;

--
-- AUTO_INCREMENT for table `coupons`
--
ALTER TABLE `coupons`
  MODIFY `id` bigint(20) UNSIGNED NOT NULL AUTO_INCREMENT, AUTO_INCREMENT=6;

--
-- AUTO_INCREMENT for table `failed_jobs`
--
ALTER TABLE `failed_jobs`
  MODIFY `id` bigint(20) UNSIGNED NOT NULL AUTO_INCREMENT;

--
-- AUTO_INCREMENT for table `messages`
--
ALTER TABLE `messages`
  MODIFY `id` bigint(20) UNSIGNED NOT NULL AUTO_INCREMENT, AUTO_INCREMENT=4;

--
-- AUTO_INCREMENT for table `migrations`
--
ALTER TABLE `migrations`
  MODIFY `id` int(10) UNSIGNED NOT NULL AUTO_INCREMENT, AUTO_INCREMENT=21;

--
-- AUTO_INCREMENT for table `orders`
--
ALTER TABLE `orders`
  MODIFY `id` bigint(20) UNSIGNED NOT NULL AUTO_INCREMENT, AUTO_INCREMENT=8;

--
-- AUTO_INCREMENT for table `posts`
--
ALTER TABLE `posts`
  MODIFY `id` bigint(20) UNSIGNED NOT NULL AUTO_INCREMENT, AUTO_INCREMENT=7;

--
-- AUTO_INCREMENT for table `post_categories`
--
ALTER TABLE `post_categories`
  MODIFY `id` bigint(20) UNSIGNED NOT NULL AUTO_INCREMENT, AUTO_INCREMENT=6;

--
-- AUTO_INCREMENT for table `post_comments`
--
ALTER TABLE `post_comments`
  MODIFY `id` bigint(20) UNSIGNED NOT NULL AUTO_INCREMENT, AUTO_INCREMENT=8;

--
-- AUTO_INCREMENT for table `post_tags`
--
ALTER TABLE `post_tags`
  MODIFY `id` bigint(20) UNSIGNED NOT NULL AUTO_INCREMENT, AUTO_INCREMENT=5;

--
-- AUTO_INCREMENT for table `products`
--
ALTER TABLE `products`
  MODIFY `id` bigint(20) UNSIGNED NOT NULL AUTO_INCREMENT, AUTO_INCREMENT=13;

--
-- AUTO_INCREMENT for table `product_reviews`
--
ALTER TABLE `product_reviews`
  MODIFY `id` bigint(20) UNSIGNED NOT NULL AUTO_INCREMENT, AUTO_INCREMENT=4;

--
-- AUTO_INCREMENT for table `settings`
--
ALTER TABLE `settings`
  MODIFY `id` bigint(20) UNSIGNED NOT NULL AUTO_INCREMENT, AUTO_INCREMENT=2;

--
-- AUTO_INCREMENT for table `shippings`
--
ALTER TABLE `shippings`
  MODIFY `id` bigint(20) UNSIGNED NOT NULL AUTO_INCREMENT, AUTO_INCREMENT=5;

--
-- AUTO_INCREMENT for table `users`
--
ALTER TABLE `users`
  MODIFY `id` bigint(20) UNSIGNED NOT NULL AUTO_INCREMENT, AUTO_INCREMENT=30;

--
-- AUTO_INCREMENT for table `wishlists`
--
ALTER TABLE `wishlists`
  MODIFY `id` bigint(20) UNSIGNED NOT NULL AUTO_INCREMENT, AUTO_INCREMENT=3;

--
-- Constraints for dumped tables
--

--
-- Constraints for table `carts`
--
ALTER TABLE `carts`
  ADD CONSTRAINT `carts_order_id_foreign` FOREIGN KEY (`order_id`) REFERENCES `orders` (`id`) ON DELETE SET NULL,
  ADD CONSTRAINT `carts_product_id_foreign` FOREIGN KEY (`product_id`) REFERENCES `products` (`id`) ON DELETE CASCADE,
  ADD CONSTRAINT `carts_user_id_foreign` FOREIGN KEY (`user_id`) REFERENCES `users` (`id`) ON DELETE CASCADE;

--
-- Constraints for table `categories`
--
ALTER TABLE `categories`
  ADD CONSTRAINT `categories_added_by_foreign` FOREIGN KEY (`added_by`) REFERENCES `users` (`id`) ON DELETE SET NULL,
  ADD CONSTRAINT `categories_parent_id_foreign` FOREIGN KEY (`parent_id`) REFERENCES `categories` (`id`) ON DELETE SET NULL;

--
-- Constraints for table `orders`
--
ALTER TABLE `orders`
  ADD CONSTRAINT `orders_shipping_id_foreign` FOREIGN KEY (`shipping_id`) REFERENCES `shippings` (`id`) ON DELETE SET NULL,
  ADD CONSTRAINT `orders_user_id_foreign` FOREIGN KEY (`user_id`) REFERENCES `users` (`id`) ON DELETE SET NULL;

--
-- Constraints for table `posts`
--
ALTER TABLE `posts`
  ADD CONSTRAINT `posts_added_by_foreign` FOREIGN KEY (`added_by`) REFERENCES `users` (`id`) ON DELETE SET NULL,
  ADD CONSTRAINT `posts_post_cat_id_foreign` FOREIGN KEY (`post_cat_id`) REFERENCES `post_categories` (`id`) ON DELETE SET NULL,
  ADD CONSTRAINT `posts_post_tag_id_foreign` FOREIGN KEY (`post_tag_id`) REFERENCES `post_tags` (`id`) ON DELETE SET NULL;

--
-- Constraints for table `post_comments`
--
ALTER TABLE `post_comments`
  ADD CONSTRAINT `post_comments_post_id_foreign` FOREIGN KEY (`post_id`) REFERENCES `posts` (`id`) ON DELETE SET NULL,
  ADD CONSTRAINT `post_comments_user_id_foreign` FOREIGN KEY (`user_id`) REFERENCES `users` (`id`) ON DELETE SET NULL;

--
-- Constraints for table `products`
--
ALTER TABLE `products`
  ADD CONSTRAINT `products_brand_id_foreign` FOREIGN KEY (`brand_id`) REFERENCES `brands` (`id`) ON DELETE SET NULL,
  ADD CONSTRAINT `products_cat_id_foreign` FOREIGN KEY (`cat_id`) REFERENCES `categories` (`id`) ON DELETE SET NULL,
  ADD CONSTRAINT `products_child_cat_id_foreign` FOREIGN KEY (`child_cat_id`) REFERENCES `categories` (`id`) ON DELETE SET NULL;

--
-- Constraints for table `product_reviews`
--
ALTER TABLE `product_reviews`
  ADD CONSTRAINT `product_reviews_product_id_foreign` FOREIGN KEY (`product_id`) REFERENCES `products` (`id`) ON DELETE SET NULL,
  ADD CONSTRAINT `product_reviews_user_id_foreign` FOREIGN KEY (`user_id`) REFERENCES `users` (`id`) ON DELETE SET NULL;

--
-- Constraints for table `wishlists`
--
ALTER TABLE `wishlists`
  ADD CONSTRAINT `wishlists_cart_id_foreign` FOREIGN KEY (`cart_id`) REFERENCES `carts` (`id`) ON DELETE SET NULL,
  ADD CONSTRAINT `wishlists_product_id_foreign` FOREIGN KEY (`product_id`) REFERENCES `products` (`id`) ON DELETE CASCADE,
  ADD CONSTRAINT `wishlists_user_id_foreign` FOREIGN KEY (`user_id`) REFERENCES `users` (`id`) ON DELETE SET NULL;
COMMIT;

/*!40101 SET CHARACTER_SET_CLIENT=@OLD_CHARACTER_SET_CLIENT */;
/*!40101 SET CHARACTER_SET_RESULTS=@OLD_CHARACTER_SET_RESULTS */;
/*!40101 SET COLLATION_CONNECTION=@OLD_COLLATION_CONNECTION */;
